FECHA	PM2.5
2020-01-01	27
2020-01-02	28.6
2020-01-03	29.5
2020-01-04	27.5
2020-01-05	30
2020-01-06	29.5
2020-01-07	34.4
2020-01-08	29
2020-01-09	26.7
2020-01-10	20.2
2020-01-11	16.1
2020-01-12	20
2020-01-13	27.2
2020-01-14	24.1
2020-01-15	26.4
2020-01-16	23
2020-01-17	28.2
2020-01-18	26
2020-01-19	25
2020-01-20	30.1
2020-01-21	27.2
2020-01-22	22
2020-01-23	23.1
2020-01-24	20.9
2020-01-25	22.1
2020-01-26	23.1
2020-01-27	25.3
2020-01-28	30.4
2020-01-29	31
2020-01-30	31.8
2020-01-31	31.3
2020-02-01	31.3
2020-02-02	30.4
2020-02-03	32.6
2020-02-04	26.6
2020-02-05	25.6
2020-02-06	27.6
2020-02-07	23.7
2020-02-08	26.3
2020-02-09	26.3
2020-02-10	21.7
2020-02-11	19.3
2020-02-12	24
2020-02-13	24.5
2020-02-14	24.7
2020-02-15	19.9
2020-02-16	21.7
2020-02-17	29
2020-02-18	25.6
2020-02-19	21
2020-02-20	24.8
2020-02-21	24.1
2020-02-22	25.1
2020-02-23	24.8
2020-02-24	22.6
2020-02-25	19
2020-02-26	26.9
2020-02-27	21.7
2020-02-28	19.2
2020-02-29	26.5
2020-03-01	22
2020-03-02	24.1
2020-03-03	19.7
2020-03-04	21.7
2020-03-05	22.9
2020-03-06	20
2020-03-07	24
2020-03-08	21.2
2020-03-09	21.4
2020-03-10	23.8
2020-03-11	25.8
2020-03-12	25.9
2020-03-13	28.3
2020-03-14	28.5
2020-03-15	24.6
2020-03-16	25.5
2020-03-17	27.6
2020-03-18	27.2
2020-03-19	26
2020-03-20	23.1
2020-03-21	22.5
2020-03-22	22.5
2020-03-23	25.5
2020-03-24	25.3
2020-03-25	23.5
2020-03-26	25.7
2020-03-27	23.3
2020-03-28	24.3
2020-03-29	27.4
2020-03-30	27.4
2020-03-31	27.7
2020-04-01	27.2
2020-04-02	28.5
2020-04-03	21.4
2020-04-04	19.7
2020-04-05	25.3
2020-04-06	27
2020-04-07	26.7
2020-04-08	34
2020-04-09	32.8
2020-04-10	33.1
2020-04-11	27.9
2020-04-12	27.2
2020-04-13	30.6
2020-04-14	33
2020-04-15	31.7
2020-04-16	29.2
2020-04-17	27.6
2020-04-18	31.3
2020-04-19	26.8
2020-04-20	26.4
2020-04-21	25.4
2020-04-22	27.1
2020-04-23	25.3
2020-04-24	25
2020-04-25	21.3
2020-04-26	20.9
2020-04-27	20.9
2020-04-28	21.9
2020-04-29	22.5
2020-04-30	26.7
2020-05-01	26.9
2020-05-02	25.8
2020-05-03	23.3
2020-05-04	24.3
2020-05-05	29.5
2020-05-06	27.4
2020-05-07	27.3
2020-05-08	29.3
2020-05-09	31.1
2020-05-10	32.3
2020-05-11	26.5
2020-05-12	29
2020-05-13	26.4
2020-05-14	25.3
2020-05-15	26.1
2020-05-16	24.7
2020-05-17	23.5
2020-05-18	21.6
2020-05-19	25.5
2020-05-20	23.9
2020-05-21	25
2020-05-22	25.6
2020-05-23	24.4
2020-05-24	27.5
2020-05-25	26.1
2020-05-26	25.1
2020-05-27	28.5
2020-05-28	28.4
2020-05-29	26.1
2020-05-30	31.1
2020-05-31	30.7
2020-06-01	29.2
2020-06-02	27.9
2020-06-03	27.6
2020-06-04	32.4
2020-06-05	31.1
2020-06-06	29
2020-06-07	28.3
2020-06-08	28.2
2020-06-09	24.5
2020-06-10	25.5
2020-06-11	30.3
2020-06-12	30.1
2020-06-13	23.6
2020-06-14	21
2020-06-15	22.2
2020-06-16	28
2020-06-17	32.9
2020-06-18	31.7
2020-06-19	29.7
2020-06-20	29.5
2020-06-21	23.2
2020-06-22	20.5
2020-06-23	22.5
2020-06-24	22.9
2020-06-25	24
2020-06-26	26.7
2020-06-27	25.9
2020-06-28	28.7
2020-06-29	28.5
2020-06-30	28.5
2020-07-01	24.8
2020-07-02	29.6
2020-07-03	33.4
2020-07-04	32.1
2020-07-05	26.6
2020-07-06	23.5
2020-07-07	22.4
2020-07-08	31.2
2020-07-09	32.7
2020-07-10	31.3
2020-07-11	23.4
2020-07-12	25.9
2020-07-13	27.4
2020-07-14	31.2
2020-07-15	28.6
2020-07-16	27.6
2020-07-17	29.5
2020-07-18	28.9
2020-07-19	25.7
2020-07-20	27.6
2020-07-21	29.9
2020-07-22	26.9
2020-07-23	23.3
2020-07-24	22.1
2020-07-25	18
2020-07-26	16.2
2020-07-27	24.1
2020-07-28	25.2
2020-07-29	30.7
2020-07-30	32
2020-07-31	27.2
2020-08-01	26.4
2020-08-02	24.5
2020-08-03	25.9
2020-08-04	27.7
2020-08-05	25.9
2020-08-06	31.5
2020-08-07	24.7
2020-08-08	20.8
2020-08-09	25.1
2020-08-10	23.3
2020-08-11	25.6
2020-08-12	27.3
2020-08-13	28
2020-08-14	24.6
2020-08-15	21.4
2020-08-16	25.2
2020-08-17	26.3
2020-08-18	29
2020-08-19	31.1
2020-08-20	29.3
2020-08-21	27.5
2020-08-22	26.7
2020-08-23	27.2
2020-08-24	26.2
2020-08-25	23.9
2020-08-26	26.3
2020-08-27	28.2
2020-08-28	29
2020-08-29	30.1
2020-08-30	31.6
2020-08-31	30.6
2020-09-01	30.1
2020-09-02	31.4
2020-09-03	27.7
2020-09-04	25
2020-09-05	23.2
2020-09-06	19.5
2020-09-07	18
2020-09-08	21.5
2020-09-09	19.2
2020-09-10	20
2020-09-11	22.3
2020-09-12	21.1
2020-09-13	18.1
2020-09-14	23.1
2020-09-15	23.1
2020-09-16	26.5
2020-09-17	25.2
2020-09-18	27.4
2020-09-19	28
2020-09-20	19.3
2020-09-21	18.9
2020-09-22	20.8
2020-09-23	22.7
2020-09-24	27.1
2020-09-25	26.7
2020-09-26	26.5
2020-09-27	26
2020-09-28	27.6
2020-09-29	30.2
2020-09-30	30.1
2020-10-01	29.9
2020-10-02	26.6
2020-10-03	26.3
2020-10-04	28.8
2020-10-05	31.6
2020-10-06	27
2020-10-07	25
2020-10-08	23.3
2020-10-09	32.6
2020-10-10	28.3
2020-10-11	25.1
2020-10-12	26.4
2020-10-13	22.8
2020-10-14	27.7
2020-10-15	33.8
2020-10-16	33.3
2020-10-17	33.8
2020-10-18	32.9
2020-10-19	31.1
2020-10-20	29.7
2020-10-21	27.8
2020-10-22	23.5
2020-10-23	25.2
2020-10-24	28.6
2020-10-25	28
2020-10-26	29.8
2020-10-27	25.1
2020-10-28	22.4
2020-10-29	20
2020-10-30	17.8
2020-10-31	18.7
2020-11-01	21.3
2020-11-02	24
2020-11-03	21.8
2020-11-04	23.2
2020-11-05	27
2020-11-06	31
2020-11-07	29
2020-11-08	31.2
2020-11-09	29.9
2020-11-10	28.6
2020-11-11	31.4
2020-11-12	31.2
2020-11-13	27.6
2020-11-14	26
2020-11-15	24.9
2020-11-16	27.5
2020-11-17	28.7
2020-11-18	22.9
2020-11-19	26.4
2020-11-20	27
2020-11-21	31.7
2020-11-22	33.7
2020-11-23	29.1
2020-11-24	32
2020-11-25	27
2020-11-26	27.2
2020-11-27	23.7
2020-11-28	25.5
2020-11-29	26.4
2020-11-30	28.3
2020-12-01	27.6
2020-12-02	30.1
2020-12-03	26.1
2020-12-04	24.9
2020-12-05	17.6
2020-12-06	21.4
2020-12-07	21.9
2020-12-08	23.1
2020-12-09	24.5
2020-12-10	20.8
2020-12-11	24.6
2020-12-12	21.8
2020-12-13	26.7
2020-12-14	25.9
2020-12-15	26.8
2020-12-16	24.4
2020-12-17	25.1
2020-12-18	25.5
2020-12-19	24.2
2020-12-20	19.1
2020-12-21	19.5
2020-12-22	16.9
2020-12-23	21.6
2020-12-24	25
2020-12-25	24.5
2020-12-26	25.8
2020-12-27	25.2
2020-12-28	28.1
2020-12-29	28
2020-12-30	27.2
2020-12-31	26.1
2021-01-01	14.9
2021-01-02	8.8
2021-01-03	11.9
2021-01-04	12.7
2021-01-05	11.2
2021-01-06	14.9
2021-01-07	17.6
2021-01-08	21.7
2021-01-09	22.5
2021-01-10	21.4
2021-01-11	18.2
2021-01-12	17.6
2021-01-13	17.1
2021-01-14	16.3
2021-01-15	13.1
2021-01-16	19.1
2021-01-17	15.9
2021-01-18	14.7
2021-01-19	14.1
2021-01-20	11.9
2021-01-21	12
2021-01-22	8
2021-01-23	7.5
2021-01-24	6.7
2021-01-25	13.5
2021-01-26	12.8
2021-01-27	10.6
2021-01-28	13.1
2021-01-29	16.1
2021-01-30	22.7
2021-01-31	28.5
2021-02-01	19.9
2021-02-02	21.6
2021-02-03	22.5
2021-02-04	19.8
2021-02-05	17.6
2021-02-06	11.5
2021-02-07	15
2021-02-08	11.8
2021-02-09	9.8
2021-02-10	14.6
2021-02-11	21
2021-02-12	15.1
2021-02-13	15.8
2021-02-14	12.9
2021-02-15	11.7
2021-02-16	11
2021-02-17	10.5
2021-02-18	12.7
2021-02-19	14.4
2021-02-20	13.6
2021-02-21	14.9
2021-02-22	15.6
2021-02-23	17.4
2021-02-24	16.4
2021-02-25	14.7
2021-02-26	14
2021-02-27	17.2
2021-02-28	23.9
2021-03-01	13
2021-03-02	17.9
2021-03-03	22.7
2021-03-04	16.3
2021-03-05	21.6
2021-03-06	20.1
2021-03-07	17.8
2021-03-08	17.9
2021-03-09	21.8
2021-03-10	18.8
2021-03-11	16.3
2021-03-12	18.5
2021-03-13	17
2021-03-14	20.8
2021-03-15	19
2021-03-16	14.9
2021-03-17	14.4
2021-03-18	14.9
2021-03-19	15.6
2021-03-20	16.9
2021-03-21	21.1
2021-03-22	23.1
2021-03-23	17.7
2021-03-24	19.5
2021-03-25	20.3
2021-03-26	20.4
2021-03-27	20.8
2021-03-28	19
2021-03-29	14
2021-03-30	12.7
2021-03-31	12.4
2021-04-01	14.4
2021-04-02	18.2
2021-04-03	15
2021-04-04	20.4
2021-04-05	19
2021-04-06	21.7
2021-04-07	18.7
2021-04-08	27.4
2021-04-09	23.9
2021-04-10	19.6
2021-04-11	17.7
2021-04-12	21.3
2021-04-13	21
2021-04-14	20.4
2021-04-15	14.6
2021-04-16	12.8
2021-04-17	15.6
2021-04-18	14.2
2021-04-19	13.8
2021-04-20	13.1
2021-04-21	19.2
2021-04-22	15.4
2021-04-23	9.3
2021-04-24	10.9
2021-04-25	18.1
2021-04-26	16.9
2021-04-27	5.3
2021-04-28	7.5
2021-04-29	13.8
2021-04-30	18
2021-05-01	20.7
2021-05-02	23.3
2021-05-03	20.1
2021-05-04	20.6
2021-05-05	16.5
2021-05-06	15
2021-05-07	13.4
2021-05-08	16.2
2021-05-09	16.2
2021-05-10	16.1
2021-05-11	14
2021-05-12	13.5
2021-05-13	17.2
2021-05-14	17.8
2021-05-15	12.1
2021-05-16	14.3
2021-05-17	17.2
2021-05-18	16.5
2021-05-19	11.6
2021-05-20	19.1
2021-05-21	16.3
2021-05-22	13.9
2021-05-23	14.9
2021-05-24	11.9
2021-05-25	14
2021-05-26	16.7
2021-05-27	16.1
2021-05-28	17.9
2021-05-29	10.2
2021-05-30	7.6
2021-05-31	10.4
2021-06-01	10.3
2021-06-02	6.6
2021-06-03	8.4
2021-06-04	12.6
2021-06-05	13.8
2021-06-06	11.2
2021-06-07	8.1
2021-06-08	8.3
2021-06-09	6.1
2021-06-10	15.1
2021-06-11	12.9
2021-06-12	12.2
2021-06-13	15.5
2021-06-14	12.1
2021-06-15	14.1
2021-06-16	13.8
2021-06-17	8.2
2021-06-18	3
2021-06-19	9.3
2021-06-20	10.2
2021-06-21	9.3
2021-06-22	10.1
2021-06-23	11.5
2021-06-24	13.1
2021-06-25	14.9
2021-06-26	16.2
2021-06-27	16.7
2021-06-28	20.6
2021-06-29	16.2
2021-06-30	16.8
2021-07-01	16.6
2021-07-02	16.9
2021-07-03	19.3
2021-07-04	19.8
2021-07-05	18.6
2021-07-06	18.4
2021-07-07	13.2
2021-07-08	9.3
2021-07-09	14.8
2021-07-10	15.2
2021-07-11	10.5
2021-07-12	6.4
2021-07-13	8.1
2021-07-14	5.8
2021-07-15	4
2021-07-16	7.4
2021-07-17	8
2021-07-18	8
2021-07-19	14.7
2021-07-20	12.9
2021-07-21	12.9
2021-07-22	14.2
2021-07-23	10
2021-07-24	10.3
2021-07-25	16.2
2021-07-26	17
2021-07-27	16.7
2021-07-28	9.8
2021-07-29	10
2021-07-30	12.3
2021-07-31	13.3
2021-08-01	12.4
2021-08-02	15.2
2021-08-03	13.5
2021-08-04	11.2
2021-08-05	9.9
2021-08-06	12.9
2021-08-07	13.1
2021-08-08	12.5
2021-08-09	10.4
2021-08-10	12.8
2021-08-11	11.3
2021-08-12	8.8
2021-08-13	11.3
2021-08-14	16.7
2021-08-15	14.2
2021-08-16	20.8
2021-08-17	16.7
2021-08-18	12.3
2021-08-19	17.1
2021-08-20	12.9
2021-08-21	11.9
2021-08-22	15.8
2021-08-23	12.5
2021-08-24	10.9
2021-08-25	12.4
2021-08-26	10.2
2021-08-27	14.1
2021-08-28	15.2
2021-08-29	13.3
2021-08-30	21.2
2021-08-31	23.3
2021-09-01	24.2
2021-09-02	20.7
2021-09-03	23.3
2021-09-04	19
2021-09-05	16.7
2021-09-06	15
2021-09-07	22
2021-09-08	14.6
2021-09-09	14.1
2021-09-10	15.9
2021-09-11	13.1
2021-09-12	11.6
2021-09-13	7.2
2021-09-14	11
2021-09-15	19.7
2021-09-16	18.4
2021-09-17	15.6
2021-09-18	12.3
2021-09-19	10.6
2021-09-20	9.4
2021-09-21	12
2021-09-22	12.4
2021-09-23	10.7
2021-09-24	6.5
2021-09-25	10
2021-09-26	14.4
2021-09-27	13.7
2021-09-28	14.9
2021-09-29	13
2021-09-30	9.9
2021-10-01	12
2021-10-02	10.2
2021-10-03	8.5
2021-10-04	10.1
2021-10-05	13.6
2021-10-06	18.3
2021-10-07	15.3
2021-10-08	17.4
2021-10-09	18.4
2021-10-10	13.9
2021-10-11	16
2021-10-12	18
2021-10-13	21.4
2021-10-14	18.6
2021-10-15	18
2021-10-16	10.8
2021-10-17	13.3
2021-10-18	13
2021-10-19	13.6
2021-10-20	13.8
2021-10-21	15.1
2021-10-22	23.9
2021-10-23	23.3
2021-10-24	17.6
2021-10-25	15.3
2021-10-26	14.8
2021-10-27	15.9
2021-10-28	20.3
2021-10-29	21.1
2021-10-30	20.4
2021-10-31	18.8
2021-11-01	18.1
2021-11-02	13.3
2021-11-03	12.6
2021-11-04	5.4
2021-11-05	10.9
2021-11-06	10
2021-11-07	10.7
2021-11-08	11.4
2021-11-09	20.2
2021-11-10	14.1
2021-11-11	9.8
2021-11-12	7.7
2021-11-13	14.8
2021-11-14	10
2021-11-15	7.3
2021-11-16	9.4
2021-11-17	5.2
2021-11-18	9.4
2021-11-19	11.4
2021-11-20	16
2021-11-21	13.5
2021-11-22	15.1
2021-11-23	12.1
2021-11-24	11.2
2021-11-25	11.1
2021-11-26	8.9
2021-11-27	11.1
2021-11-28	9.2
2021-11-29	10.8
2021-11-30	10.9
2021-12-01	11.2
2021-12-02	12.1
2021-12-03	8.3
2021-12-04	14
2021-12-05	8.1
2021-12-06	8.5
2021-12-07	7.7
2021-12-08	10
2021-12-09	11.4
2021-12-10	12.7
2021-12-11	15.9
2021-12-12	13.9
2021-12-13	14.1
2021-12-14	12.2
2021-12-15	8.4
2021-12-16	11.8
2021-12-17	15.5
2021-12-18	12.1
2021-12-19	12.5
2021-12-20	13.3
2021-12-21	16.4
2021-12-22	18.6
2021-12-23	15.1
2021-12-24	10.8
2021-12-25	18.4
2021-12-26	19.8
2021-12-27	16.8
2021-12-28	15.4
2021-12-29	13
2021-12-30	11.8
2021-12-31	14.2
2022-01-01	18.5
2022-01-02	16.8
2022-01-03	19.5
2022-01-04	22.4
2022-01-05	22
2022-01-06	18.5
2022-01-07	16.5
2022-01-08	15.7
2022-01-09	19.1
2022-01-10	15.6
2022-01-11	7.9
2022-01-12	12.8
2022-01-13	17.1
2022-01-14	20.3
2022-01-15	26.4
2022-01-16	20.7
2022-01-17	18.3
2022-01-18	17.1
2022-01-19	18.4
2022-01-20	19.6
2022-01-21	16.6
2022-01-22	19.7
2022-01-23	20.4
2022-01-24	14.9
2022-01-25	15.7
2022-01-26	16.2
2022-01-27	11.2
2022-01-28	11.2
2022-01-29	14.9
2022-01-30	17
2022-01-31	15.7
2022-02-01	11
2022-02-02	11.7
2022-02-03	13.3
2022-02-04	13.3
2022-02-05	17.1
2022-02-06	15.9
2022-02-07	18.3
2022-02-08	18.9
2022-02-09	24.5
2022-02-10	17
2022-02-11	15
2022-02-12	19.9
2022-02-13	16.6
2022-02-14	20.2
2022-02-15	17.6
2022-02-16	19.4
2022-02-17	24.5
2022-02-18	23.5
2022-02-19	18.5
2022-02-20	16.7
2022-02-21	16.6
2022-02-22	20.5
2022-02-23	15.9
2022-02-24	16.5
2022-02-25	17.8
2022-02-26	18.9
2022-02-27	22.6
2022-02-28	19.8
2022-03-01	15.4
2022-03-02	11.2
2022-03-03	10.3
2022-03-04	17.9
2022-03-05	20.5
2022-03-06	15.7
2022-03-07	17.9
2022-03-08	19.5
2022-03-09	18.7
2022-03-10	22.8
2022-03-11	18.2
2022-03-12	19.4
2022-03-13	16.5
2022-03-14	18.3
2022-03-15	24.9
2022-03-16	23.8
2022-03-17	23.9
2022-03-18	17
2022-03-19	17.4
2022-03-20	14.8
2022-03-21	12.7
2022-03-22	15.6
2022-03-23	16.8
2022-03-24	14.7
2022-03-25	16
2022-03-26	10.4
2022-03-27	16.2
2022-03-28	15.5
2022-03-29	18.9
2022-03-30	18.5
2022-03-31	19.2
2022-04-01	23.1
2022-04-02	24.6
2022-04-03	24.1
2022-04-04	22
2022-04-05	21.6
2022-04-06	20.5
2022-04-07	22.6
2022-04-08	15.1
2022-04-09	17.4
2022-04-10	21.5
2022-04-11	17.8
2022-04-12	19.6
2022-04-13	22.7
2022-04-14	19.9
2022-04-15	18.8
2022-04-16	19
2022-04-17	16.6
2022-04-18	15.7
2022-04-19	18.8
2022-04-20	21.9
2022-04-21	20.6
2022-04-22	18.3
2022-04-23	17
2022-04-24	16.6
2022-04-25	7.8
2022-04-26	13.2
2022-04-27	14.4
2022-04-28	11.6
2022-04-29	12.9
2022-04-30	19.2
2022-05-01	18.7
2022-05-02	15.4
2022-05-03	14.9
2022-05-04	16.1
2022-05-05	16.4
2022-05-06	19.3
2022-05-07	18
2022-05-08	18.1
2022-05-09	19.4
2022-05-10	22.8
2022-05-11	19.7
2022-05-12	17.9
2022-05-13	18.3
2022-05-14	17.5
2022-05-15	19.1
2022-05-16	14
2022-05-17	16.8
2022-05-18	13.3
2022-05-19	17.5
2022-05-20	18.5
2022-05-21	21.6
2022-05-22	19.2
2022-05-23	24.4
2022-05-24	22.9
2022-05-25	20.8
2022-05-26	18.5
2022-05-27	18
2022-05-28	20.1
2022-05-29	21
2022-05-30	21.6
2022-05-31	18.7
2022-06-01	17.6
2022-06-02	22.2
2022-06-03	24.6
2022-06-04	15.4
2022-06-05	17.6
2022-06-06	16.2
2022-06-07	12.8
2022-06-08	14.2
2022-06-09	16.1
2022-06-10	20.6
2022-06-11	21.1
2022-06-12	14.1
2022-06-13	15.5
2022-06-14	16
2022-06-15	10.7
2022-06-16	12.5
2022-06-17	7.7
2022-06-18	17.6
2022-06-19	17.9
2022-06-20	10.8
2022-06-21	15.7
2022-06-22	18.3
2022-06-23	19.4
2022-06-24	24.1
2022-06-25	17.4
2022-06-26	21.4
2022-06-27	20.6
2022-06-28	12.5
2022-06-29	17.8
2022-06-30	20.1
2022-07-01	20.3
2022-07-02	20
2022-07-03	22.4
2022-07-04	19.1
2022-07-05	16.6
2022-07-06	19.3
2022-07-07	17.6
2022-07-08	15.8
2022-07-09	19.7
2022-07-10	30.3
2022-07-11	25.1
2022-07-12	18.9
2022-07-13	16.9
2022-07-14	20.1
2022-07-15	22.6
2022-07-16	20.2
2022-07-17	19.9
2022-07-18	19.5
2022-07-19	19.4
2022-07-20	17.4
2022-07-21	11.8
2022-07-22	15.7
2022-07-23	16.1
2022-07-24	20.8
2022-07-25	19.3
2022-07-26	18.4
2022-07-27	10.5
2022-07-28	11.9
2022-07-29	15.7
2022-07-30	23.4
2022-07-31	18.1
2022-08-01	17.4
2022-08-02	21.8
2022-08-03	24.2
2022-08-04	23.2
2022-08-05	17
2022-08-06	13
2022-08-07	12.5
2022-08-08	24
2022-08-09	20.8
2022-08-10	19
2022-08-11	18.7
2022-08-12	19.5
2022-08-13	19
2022-08-14	15.4
2022-08-15	17.8
2022-08-16	14.5
2022-08-17	10
2022-08-18	16.3
2022-08-19	18.2
2022-08-20	17.7
2022-08-21	16.2
2022-08-22	15.7
2022-08-23	16.7
2022-08-24	17.4
2022-08-25	17.8
2022-08-26	11.3
2022-08-27	13.6
2022-08-28	12.9
2022-08-29	15.6
2022-08-30	16.4
2022-08-31	17.8
2022-09-01	20.6
2022-09-02	19.8
2022-09-03	22.6
2022-09-04	22.7
2022-09-05	23.6
2022-09-06	17.3
2022-09-07	21.4
2022-09-08	23.1
2022-09-09	19.5
2022-09-10	17
2022-09-11	17.7
2022-09-12	21
2022-09-13	21.9
2022-09-14	16.3
2022-09-15	18
2022-09-16	18.5
2022-09-17	17.7
2022-09-18	22.5
2022-09-19	20.3
2022-09-20	22.6
2022-09-21	19.2
2022-09-22	19
2022-09-23	16.1
2022-09-24	20.6
2022-09-25	23.9
2022-09-26	22.2
2022-09-27	24.3
2022-09-28	23.6
2022-09-29	15.7
2022-09-30	17.3
2022-10-01	19.7
2022-10-02	13.5
2022-10-03	11.9
2022-10-04	11.8
2022-10-05	17.6
2022-10-06	15.5
2022-10-07	16.4
2022-10-08	16.9
2022-10-09	14.3
2022-10-10	12.3
2022-10-11	13.8
2022-10-12	16
2022-10-13	16
2022-10-14	16.2
2022-10-15	16.7
2022-10-16	19.3
2022-10-17	22.2
2022-10-18	24.6
2022-10-19	21.5
2022-10-20	21.4
2022-10-21	20.4
2022-10-22	18.9
2022-10-23	19.8
2022-10-24	18.9
2022-10-25	19.2
2022-10-26	16.9
2022-10-27	17.7
2022-10-28	19.4
2022-10-29	16.7
2022-10-30	18.2
2022-10-31	18
2022-11-01	19.5
2022-11-02	12.5
2022-11-03	12.5
2022-11-04	12.9
2022-11-05	11.9
2022-11-06	12.2
2022-11-07	18.1
2022-11-08	20.1
2022-11-09	19.4
2022-11-10	18.5
2022-11-11	22.3
2022-11-12	21.2
2022-11-13	19.9
2022-11-14	18.8
2022-11-15	17.5
2022-11-16	11.9
2022-11-17	11.9
2022-11-18	15.4
2022-11-19	17
2022-11-20	18.9
2022-11-21	19.7
2022-11-22	15
2022-11-23	21
2022-11-24	23.4
2022-11-25	18.8
2022-11-26	17.2
2022-11-27	17.4
2022-11-28	21.7
2022-11-29	21
2022-11-30	20.6
2022-12-01	19.5
2022-12-02	15.7
2022-12-03	20
2022-12-04	15.3
2022-12-05	15.8
2022-12-06	14.6
2022-12-07	16.6
2022-12-08	15.2
2022-12-09	22.2
2022-12-10	18.6
2022-12-11	16.4
2022-12-12	20.2
2022-12-13	19.5
2022-12-14	21.9
2022-12-15	27.2
2022-12-16	23.3
2022-12-17	21.2
2022-12-18	15.8
2022-12-19	16.1
2022-12-20	13.1
2022-12-21	15.1
2022-12-22	13.8
2022-12-23	13.8
2022-12-24	12.3
2022-12-25	16.3
2022-12-26	17.7
2022-12-27	17.2
2022-12-28	18.5
2022-12-29	20.6
2022-12-30	25.1
2022-12-31	22.6
2023-01-01	15.9
2023-01-02	16.1
2023-01-03	18.1
2023-01-04	19.7
2023-01-05	12.8
2023-01-06	13.9
2023-01-07	15.9
2023-01-08	11.3
2023-01-09	10.5
2023-01-10	11.7
2023-01-11	10.4
2023-01-12	11.4
2023-01-13	10.7
2023-01-14	5.9
2023-01-15	10.4
2023-01-16	12.8
2023-01-17	5.9
2023-01-18	6.8
2023-01-19	7.9
2023-01-20	14.4
2023-01-21	14.4
2023-01-22	10.4
2023-01-23	14
2023-01-24	13.9
2023-01-25	8.4
2023-01-26	14.5
2023-01-27	14.6
2023-01-28	14.8
2023-01-29	12.9
2023-01-30	8.6
2023-01-31	13.2
2023-02-01	15.2
2023-02-02	19.1
2023-02-03	20.5
2023-02-04	19.8
2023-02-05	24
2023-02-06	24.1
2023-02-07	22
2023-02-08	18.3
2023-02-09	17.2
2023-02-10	17.8
2023-02-11	22.1
2023-02-12	20.2
2023-02-13	18.4
2023-02-14	21.7
2023-02-15	13.1
2023-02-16	11.4
2023-02-17	19.3
2023-02-18	19.4
2023-02-19	20.8
2023-02-20	23.7
2023-02-21	17.7
2023-02-22	21
2023-02-23	16.1
2023-02-24	14.5
2023-02-25	9.7
2023-02-26	12.2
2023-02-27	11.3
2023-02-28	9.7
2023-03-01	14.7
2023-03-02	20.3
2023-03-03	17
2023-03-04	15.1
2023-03-05	16.7
2023-03-06	17.3
2023-03-07	19.7
2023-03-08	19.7
2023-03-09	24.2
2023-03-10	18.4
2023-03-11	21.2
2023-03-12	18.7
2023-03-13	16.8
2023-03-14	18.1
2023-03-15	14.8
2023-03-16	12.8
2023-03-17	13.3
2023-03-18	10.7
2023-03-19	15.5
2023-03-20	18.1
2023-03-21	13.5
2023-03-22	12.2
2023-03-23	8.1
2023-03-24	6.2
2023-03-25	8.1
2023-03-26	11.3
2023-03-27	12.2
2023-03-28	14.9
2023-03-29	19.5
2023-03-30	21.4
2023-03-31	27.2
2023-04-01	23.3
2023-04-02	25
2023-04-03	19.4
2023-04-04	16.3
2023-04-05	13.1
2023-04-06	13.9
2023-04-07	20.5
2023-04-08	17.7
2023-04-09	15.2
2023-04-10	17.3
2023-04-11	18.9
2023-04-12	21.6
2023-04-13	14.3
2023-04-14	14
2023-04-15	12.3
2023-04-16	11.5
2023-04-17	11.4
2023-04-18	11.8
2023-04-19	15.7
2023-04-20	16.6
2023-04-21	13.9
2023-04-22	11.1
2023-04-23	16.6
2023-04-24	13.9
2023-04-25	15.7
2023-04-26	10.6
2023-04-27	9.6
2023-04-28	10.6
2023-04-29	13.2
2023-04-30	12.4
2023-05-01	16.5
2023-05-02	14.1
2023-05-03	13.8
2023-05-04	19.8
2023-05-05	23.1
2023-05-06	25.5
2023-05-07	24.5
2023-05-08	21.8
2023-05-09	18
2023-05-10	23.2
2023-05-11	15.1
2023-05-12	7
2023-05-13	11
2023-05-14	13.7
2023-05-15	14.5
2023-05-16	12.6
2023-05-17	15.5
2023-05-18	11.9
2023-05-19	7.2
2023-05-20	9.2
2023-05-21	15.2
2023-05-22	14.3
2023-05-23	12.7
2023-05-24	16.1
2023-05-25	18.5
2023-05-26	14.6
2023-05-27	15.5
2023-05-28	16.9
2023-05-29	20.2
2023-05-30	16.4
2023-05-31	24.3
2023-06-01	24.2
2023-06-02	21.3
2023-06-03	19.3
2023-06-04	19.2
2023-06-05	21.5
2023-06-06	16.9
2023-06-07	17.7
2023-06-08	17.7
2023-06-09	13.4
2023-06-10	16.7
2023-06-11	14.2
2023-06-12	14.9
2023-06-13	10.2
2023-06-14	15.7
2023-06-15	18.5
2023-06-16	15.4
2023-06-17	17.3
2023-06-18	21.8
2023-06-19	15.6
2023-06-20	9.9
2023-06-21	9
2023-06-22	14
2023-06-23	10.9
2023-06-24	16.4
2023-06-25	16.5
2023-06-26	14.8
2023-06-27	20.9
2023-06-28	16.4
2023-06-29	17.6
2023-06-30	16
2023-07-01	17.8
2023-07-02	8.7
2023-07-03	15.8
2023-07-04	13
2023-07-05	14
2023-07-06	12.3
2023-07-07	10.3
2023-07-08	16
2023-07-09	12.5
2023-07-10	9.9
2023-07-11	11.3
2023-07-12	15.9
2023-07-13	14
2023-07-14	18.5
2023-07-15	17.7
2023-07-16	19.4
2023-07-17	21.6
2023-07-18	19.2
2023-07-19	19.6
2023-07-20	19.9
2023-07-21	19.3
2023-07-22	15.7
2023-07-23	16.4
2023-07-24	21.2
2023-07-25	21
2023-07-26	15.6
2023-07-27	13.4
2023-07-28	7.1
2023-07-29	13
2023-07-30	17.3
2023-07-31	21.7
2023-08-01	17.5
2023-08-02	22.5
2023-08-03	23.7
2023-08-04	20.5
2023-08-05	16.9
2023-08-06	11.7
2023-08-07	7
2023-08-08	8.4
2023-08-09	13.5
2023-08-10	11
2023-08-11	15.5
2023-08-12	13.5
2023-08-13	13.8
2023-08-14	18.2
2023-08-15	14.7
2023-08-16	14.3
2023-08-17	11.1
2023-08-18	16.7
2023-08-19	16.4
2023-08-20	21.3
2023-08-21	19.2
2023-08-22	21.8
2023-08-23	18.1
2023-08-24	16.8
2023-08-25	11.4
2023-08-26	13.7
2023-08-27	12.5
2023-08-28	11.8
2023-08-29	15.7
2023-08-30	14.6
2023-08-31	16.6
2023-09-01	17.2
2023-09-02	16.7
2023-09-03	14.5
2023-09-04	16
2023-09-05	14.4
2023-09-06	10.1
2023-09-07	11.7
2023-09-08	14.4
2023-09-09	10.1
2023-09-10	17.2
2023-09-11	16.7
2023-09-12	16.5
2023-09-13	18.3
2023-09-14	17.6
2023-09-15	17.2
2023-09-16	11.2
2023-09-17	12.3
2023-09-18	11.3
2023-09-19	14.8
2023-09-20	13.2
2023-09-21	13.2
2023-09-22	10.5
2023-09-23	11.8
2023-09-24	9.7
2023-09-25	6.9
2023-09-26	11.7
2023-09-27	19.8
2023-09-28	14.9
2023-09-29	18.2
2023-09-30	15.3
2023-10-01	15.6
2023-10-02	21.3
2023-10-03	21.2
2023-10-04	17.1
2023-10-05	12.8
2023-10-06	15.3
2023-10-07	17.3
2023-10-08	20.7
2023-10-09	23.3
2023-10-10	23.3
2023-10-11	22.4
2023-10-12	20.9
2023-10-13	19.6
2023-10-14	18.1
2023-10-15	16.3
2023-10-16	19.4
2023-10-17	20.5
2023-10-18	15.9
2023-10-19	13.4
2023-10-20	11.3
2023-10-21	16.3
2023-10-22	13.3
2023-10-23	17.7
2023-10-24	15.5
2023-10-25	11.1
2023-10-26	9.2
2023-10-27	15.1
2023-10-28	15
2023-10-29	16.1
2023-10-30	10.9
2023-10-31	11.5
2023-11-01	15.3
2023-11-02	17.6
2023-11-03	17.2
2023-11-04	17.8
2023-11-05	15.5
2023-11-06	18.9
2023-11-07	17.4
2023-11-08	17.1
2023-11-09	17.1
2023-11-10	17.9
2023-11-11	8.8
2023-11-12	11.7
2023-11-13	12.4
2023-11-14	16.2
2023-11-15	16
2023-11-16	15.2
2023-11-17	12.4
2023-11-18	14.8
2023-11-19	16
2023-11-20	13.8
2023-11-21	16.6
2023-11-22	12.9
2023-11-23	12.7
2023-11-24	11.4
2023-11-25	6.8
2023-11-26	7.2
2023-11-27	8.2
2023-11-28	14.3
2023-11-29	21.2
2023-11-30	18.3
2023-12-01	22.4
2023-12-02	16.7
2023-12-03	19
2023-12-04	17.5
2023-12-05	20.6
2023-12-06	20.1
2023-12-07	20.1
2023-12-08	17.6
2023-12-09	16.3
2023-12-10	19.6
2023-12-11	17.4
2023-12-12	19.8
2023-12-13	18
2023-12-14	18.8
2023-12-15	18.6
2023-12-16	18.3
2023-12-17	16.8
2023-12-18	16.1
2023-12-19	16.9
2023-12-20	12.7
2023-12-21	7.2
2023-12-22	9.5
2023-12-23	10
2023-12-24	15
2023-12-25	13.3
2023-12-26	16
2023-12-27	15.9
2023-12-28	18.7
2023-12-29	19
2023-12-30	13.3
2023-12-31	9.6
2024-01-01	13.5
2024-01-02	14.2
2024-01-03	12.8
2024-01-04	16.5
2024-01-05	15.4
2024-01-06	12
2024-01-07	19.6
2024-01-08	22.4
2024-01-09	16.2
2024-01-10	18.4
2024-01-11	18.5
2024-01-12	10.8
2024-01-13	11.4
2024-01-14	15.3
2024-01-15	16.4
2024-01-16	16.5
2024-01-17	14.1
2024-01-18	12.2
2024-01-19	2.1
2024-01-20	2.4
2024-01-21	4
2024-01-22	3
2024-01-23	4.2
2024-01-24	7.4
2024-01-25	6.4
2024-01-26	5
2024-01-27	10.3
2024-01-28	13.3
2024-01-29	15.9
2024-01-30	9.4
2024-01-31	16.4
2024-02-01	17
2024-02-02	21.4
2024-02-03	17.6
2024-02-04	15
2024-02-05	16.4
2024-02-06	6.5
2024-02-07	8.4
2024-02-08	14.7
2024-02-09	17.2
2024-02-10	18.5
2024-02-11	15.3
2024-02-12	14
2024-02-13	13.2
2024-02-14	12
2024-02-15	12.8
2024-02-16	13.7
2024-02-17	11.3
2024-02-18	12.4
2024-02-19	17.5
2024-02-20	15.5
2024-02-21	9.1
2024-02-22	9.6
2024-02-23	11.5
2024-02-24	15.2
2024-02-25	12.3
2024-02-26	12
2024-02-27	16.1
2024-02-28	17.4
2024-02-29	19.7
2024-03-01	16.3
2024-03-02	18.6
2024-03-03	17.2
2024-03-04	12.8
2024-03-05	9.1
2024-03-06	6.9
2024-03-07	8.7
2024-03-08	10
2024-03-09	16.1
2024-03-10	17.6
2024-03-11	15.9
2024-03-12	19.9
2024-03-13	20.9
2024-03-14	25
2024-03-15	16.8
2024-03-16	11.4
2024-03-17	12.4
2024-03-18	13.4
2024-03-19	10.2
2024-03-20	8.4
2024-03-21	10.5
2024-03-22	10
2024-03-23	14.6
2024-03-24	15.5
2024-03-25	13.1
2024-03-26	11.7
2024-03-27	12.8
2024-03-28	14.2
2024-03-29	16
2024-03-30	14.6
2024-03-31	11.9
2024-04-01	16.5
2024-04-02	12.3
2024-04-03	13
2024-04-04	14.6
2024-04-05	12.1
2024-04-06	8.5
2024-04-07	10
2024-04-08	9.2
2024-04-09	12.4
2024-04-10	11
2024-04-11	15.6
2024-04-12	12.6
2024-04-13	15.7
2024-04-14	18.5
2024-04-15	20.4
2024-04-16	21.3
2024-04-17	18.2
2024-04-18	11.6
2024-04-19	11.7
2024-04-20	7.9
2024-04-21	12.7
2024-04-22	9.5
2024-04-23	13.3
2024-04-24	11.3
2024-04-25	10.4
2024-04-26	8.9
2024-04-27	10.2
2024-04-28	16.2
2024-04-29	16
2024-04-30	18.2
2024-05-01	18.1
2024-05-02	16.6
2024-05-03	20.6
2024-05-04	18.2
2024-05-05	18
2024-05-06	18.2
2024-05-07	13.4
2024-05-08	15.2
2024-05-09	16.1
2024-05-10	13.9
2024-05-11	12.6
2024-05-12	12.5
2024-05-13	12.2
2024-05-14	13.5
2024-05-15	13.8
2024-05-16	16.5
2024-05-17	18.1
2024-05-18	17.5
2024-05-19	15.9
2024-05-20	15.5
2024-05-21	15.3
2024-05-22	16.2
2024-05-23	19.7
2024-05-24	13.2
2024-05-25	12.2
2024-05-26	11.8
2024-05-27	9.6
2024-05-28	8.1
2024-05-29	10.1
2024-05-30	13.7
2024-05-31	15.5
2024-06-01	18.1
2024-06-02	10
2024-06-03	12.2
2024-06-04	15.4
2024-06-05	17.2
2024-06-06	18.2
2024-06-07	17.5
2024-06-08	21
2024-06-09	17.4
2024-06-10	21.4
2024-06-11	22.9
2024-06-12	18.5
2024-06-13	12.5
2024-06-14	14.4
2024-06-15	12.9
2024-06-16	14.2
2024-06-17	14.8
2024-06-18	11.2
2024-06-19	7.9
2024-06-20	8.4
2024-06-21	16.2
2024-06-22	12.9
2024-06-23	15.9
2024-06-24	14.3
2024-06-25	10.3
2024-06-26	8.8
2024-06-27	8.9
2024-06-28	6.8
2024-06-29	10.9
2024-06-30	11.1
2024-07-01	12.3
2024-07-02	10.1
2024-07-03	11.5
2024-07-04	13.6
2024-07-05	16.1
2024-07-06	17
2024-07-07	15.4
2024-07-08	17.5
2024-07-09	14.6
2024-07-10	15.1
2024-07-11	12.4
2024-07-12	11.2
2024-07-13	11.8
2024-07-14	10.3
2024-07-15	8.7
2024-07-16	11.7
2024-07-17	11.1
2024-07-18	9.2
2024-07-19	9.9
2024-07-20	13.1
2024-07-21	11.3
2024-07-22	16.4
2024-07-23	18.1
2024-07-24	18.4
2024-07-25	13.8
2024-07-26	8.4
2024-07-27	9.9
2024-07-28	9.6
2024-07-29	10
2024-07-30	10.1
2024-07-31	12
2024-08-01	14.9
2024-08-02	14.2
2024-08-03	13.7
2024-08-04	15.3
2024-08-05	14
2024-08-06	13.8
2024-08-07	19.2
2024-08-08	12
2024-08-09	15.8
2024-08-10	15.1
2024-08-11	12.1
2024-08-12	8.5
2024-08-13	14.7
2024-08-14	9.3
2024-08-15	15.5
2024-08-16	16
2024-08-17	17.2
2024-08-18	18.2
2024-08-19	17
2024-08-20	12.9
2024-08-21	14.1
2024-08-22	14.2
2024-08-23	15.5
2024-08-24	20.3
2024-08-25	17.4
2024-08-26	16.4
2024-08-27	18.5
2024-08-28	18.8
2024-08-29	22.7
2024-08-30	14.6
2024-08-31	18.8
2024-09-01	16.6
2024-09-02	19.2
2024-09-03	22
2024-09-04	18.4
2024-09-05	14.8
2024-09-06	9.4
2024-09-07	5.2
2024-09-08	7.9
2024-09-09	14.3
2024-09-10	20.7
2024-09-11	14.6
2024-09-12	13
2024-09-13	9.2
2024-09-14	8.4
2024-09-15	10.7
2024-09-16	14
2024-09-17	19
2024-09-18	16
2024-09-19	16.4
2024-09-20	13.4
2024-09-21	14.3
2024-09-22	12.3
2024-09-23	12.7
2024-09-24	12.6
2024-09-25	11.3
2024-09-26	9.1
2024-09-27	10.3
2024-09-28	17.7
2024-09-29	17.8
2024-09-30	15.8
2024-10-01	14
2024-10-02	16.7
2024-10-03	15.4
2024-10-04	12.3
2024-10-05	11.2
2024-10-06	6.7
2024-10-07	6.5
2024-10-08	4.3
2024-10-09	6.1
2024-10-10	14.3
2024-10-11	15.7
2024-10-12	15.7
2024-10-13	14.9
2024-10-14	11.6
2024-10-15	16.9
2024-10-16	11.9
2024-10-17	11.1
2024-10-18	13.6
2024-10-19	12.5
2024-10-20	13.8
2024-10-21	12.5
2024-10-22	8.6
2024-10-23	16.2
2024-10-24	15.4
2024-10-25	21.1
2024-10-26	16.7
2024-10-27	13.7
2024-10-28	15.8
2024-10-29	17.4
2024-10-30	18.5
2024-10-31	15.8
2024-11-01	13.1
2024-11-02	13.6
2024-11-03	10.8
2024-11-04	11.8
2024-11-05	15.5
2024-11-06	14.2
2024-11-07	12.5
2024-11-08	13.6
2024-11-09	8.6
2024-11-10	8
2024-11-11	7.9
2024-11-12	2
2024-11-13	4.4
2024-11-14	9.2
2024-11-15	12.9
2024-11-16	13
2024-11-17	15.4
2024-11-18	13.2
2024-11-19	17.1
2024-11-20	18.6
2024-11-21	19.9
2024-11-22	13.9
2024-11-23	13.2
2024-11-24	14.6
2024-11-25	11.5
2024-11-26	11.6
2024-11-27	15.9
2024-11-28	13.8
2024-11-29	14.8
2024-11-30	12.9
2024-12-01	11.8
2024-12-02	10.6
2024-12-03	7.4
2024-12-04	7.8
2024-12-05	3.2
2024-12-06	4.2
2024-12-07	7.9
2024-12-08	13
2024-12-09	8.1
2024-12-10	9.2
2024-12-11	13.8
2024-12-12	14.4
2024-12-13	11.5
2024-12-14	10.7
2024-12-15	9.5
2024-12-16	11.5
2024-12-17	12.7
2024-12-18	13
2024-12-19	8.4
2024-12-20	6.5
2024-12-21	11.4
2024-12-22	17.5
2024-12-23	12
2024-12-24	16
2024-12-25	11
2024-12-26	15.9
2024-12-27	16.7
2024-12-28	15.7
2024-12-29	15.4
2024-12-30	12.9
2024-12-31	12.9
2025-01-01	24.4
2025-01-02	20.3
2025-01-03	19.7
2025-01-04	17
2025-01-05	18.6
2025-01-06	19
2025-01-07	20.9
2025-01-08	19
2025-01-09	23.5
2025-01-10	19.2
2025-01-11	20.5
2025-01-12	21.5
2025-01-13	26.5
2025-01-14	27.1
2025-01-15	22.9
2025-01-16	22.2
2025-01-17	29.4
2025-01-18	28.1
2025-01-19	31.5
2025-01-20	30.1
2025-01-21	30.9
2025-01-22	25.9
2025-01-23	26.6
2025-01-24	24.2
2025-01-25	24.1
2025-01-26	22
2025-01-27	16.6
2025-01-28	16.4
2025-01-29	22
2025-01-30	28.4
2025-01-31	23.8
2025-02-01	18.2
2025-02-02	20.1
2025-02-03	22.1
2025-02-04	22.8
2025-02-05	22.6
2025-02-06	19
2025-02-07	20.1
2025-02-08	23.6
2025-02-09	21
2025-02-10	27.6
2025-02-11	21.7
2025-02-12	19
2025-02-13	16.1
2025-02-14	17
2025-02-15	13.2
2025-02-16	17.6
2025-02-17	16.7
2025-02-18	18.1
2025-02-19	17.8
2025-02-20	16.8
2025-02-21	19.1
2025-02-22	19
2025-02-23	14.8
2025-02-24	15.4
2025-02-25	17.9
2025-02-26	16.7
2025-02-27	20.9
2025-02-28	19.9
2025-03-01	5.4
2025-03-02	7.9
2025-03-03	8.5
2025-03-04	9.6
2025-03-05	8.4
2025-03-06	5.4
2025-03-07	8.9
2025-03-08	12
2025-03-09	12
2025-03-10	12.2
2025-03-11	9.6
2025-03-12	14.3
2025-03-13	11.2
2025-03-14	8.9
2025-03-15	13.1
2025-03-16	7.1
2025-03-17	8.3
2025-03-18	10.9
2025-03-19	10.6
2025-03-20	9.6
2025-03-21	11.6
2025-03-22	6
2025-03-23	9.1
2025-03-24	13.6
2025-03-25	15.8
2025-03-26	16
2025-03-27	12
2025-03-28	16.8
2025-03-29	14.3
2025-03-30	10.8
2025-03-31	8.7
2025-04-01	8.3
2025-04-02	11
2025-04-03	9.8
2025-04-04	13.9
2025-04-05	12.7
2025-04-06	12.2
2025-04-07	11
2025-04-08	11.3
2025-04-09	10.5
2025-04-10	8.6
2025-04-11	6.7
2025-04-12	4.1
2025-04-13	6.6
2025-04-14	10.3
2025-04-15	11.8
2025-04-16	8.5
2025-04-17	7.7
2025-04-18	6.4
2025-04-19	6.4
2025-04-20	9.7
2025-04-21	11.4
2025-04-22	13.1
2025-04-23	14.9
2025-04-24	16.3
2025-04-25	16.4
2025-04-26	8.4
2025-04-27	8.6
2025-04-28	12.9
2025-04-29	15.6
2025-04-30	12.9
2025-05-01	10.9
2025-05-02	10.8
2025-05-03	11.5
2025-05-04	7.6
2025-05-05	8.4
2025-05-06	9.3
2025-05-07	8.5
2025-05-08	8.2
2025-05-09	8.5
2025-05-10	10.7
2025-05-11	13
2025-05-12	12.2
2025-05-13	8.1
2025-05-14	11
2025-05-15	11.2
2025-05-16	10.7
2025-05-17	10.1
2025-05-18	11.2
2025-05-19	13.7
2025-05-20	14.7
2025-05-21	14
2025-05-22	16.2
2025-05-23	14.6
2025-05-24	10.9
2025-05-25	6.1
2025-05-26	7.8
2025-05-27	8.5
2025-05-28	9.9
2025-05-29	8.9
2025-05-30	6.3
2025-05-31	5.8
2025-06-01	12.2
2025-06-02	12.4
2025-06-03	12.9
2025-06-04	13.5
2025-06-05	15.3
2025-06-06	8.6
2025-06-07	7.9
2025-06-08	10.3
2025-06-09	9.8
2025-06-10	12.5
2025-06-11	12.1
2025-06-12	16.2
2025-06-13	14.9
2025-06-14	15
2025-06-15	11.2
2025-06-16	11.8
2025-06-17	12.5
2025-06-18	15.9
2025-06-19	11.1
2025-06-20	9.3
2025-06-21	11.9
2025-06-22	11.8
2025-06-23	11.2
2025-06-24	14.2
2025-06-25	12.6
2025-06-26	13.4
2025-06-27	13.5
2025-06-28	11.4
2025-06-29	12.5
2025-06-30	14.1
2025-07-01	6.4
2025-07-02	4.6
2025-07-03	7.4
2025-07-04	8.3
2025-07-05	5.1
2025-07-06	9.7
2025-07-07	8
2025-07-08	5.7
2025-07-09	11.4
2025-07-10	9.4
2025-07-11	8.7
2025-07-12	5.4
2025-07-13	4.3
2025-07-14	7.1
2025-07-15	9.6
2025-07-16	11.5
2025-07-17	10.3
2025-07-18	10.8
2025-07-19	12.1
2025-07-20	8.4
2025-07-21	8.6
2025-07-22	10.1
2025-07-23	10
2025-07-24	12.1
2025-07-25	9.6
2025-07-26	9.5
2025-07-27	7.5
2025-07-28	9.1
2025-07-29	9.9
2025-07-30	13.5
2025-07-31	14.9
2025-08-01	14.3
2025-08-02	15.7
2025-08-03	15.6
2025-08-04	12.9
2025-08-05	10
2025-08-06	10.6
2025-08-07	9.3
2025-08-08	7.1
2025-08-09	10
2025-08-10	17.2
2025-08-11	15.6
2025-08-12	12.3
2025-08-13	13.5
2025-08-14	12.2
2025-08-15	14.4
2025-08-16	13.8
2025-08-17	13.5
2025-08-18	14.8
2025-08-19	17.4
2025-08-20	15.7
2025-08-21	11.3
2025-08-22	12.7
2025-08-23	16.5
2025-08-24	16.7
2025-08-25	12.5
2025-08-26	11.3
2025-08-27	16.1
2025-08-28	19.2
2025-08-29	21.8
2025-08-30	18.2
2025-08-31	18
2025-09-01	17.3
2025-09-02	14.6
2025-09-03	12.5
2025-09-04	13.7
2025-09-05	14.8
2025-09-06	13.1
2025-09-07	12.5
2025-09-08	9.3
2025-09-09	4.7
2025-09-10	7.6
2025-09-11	9.6
2025-09-12	12.4
2025-09-13	5.8
2025-09-14	7.1
2025-09-15	6.7
2025-09-16	11.9
2025-09-17	9.6
2025-09-18	9.9
2025-09-19	9.9
2025-09-20	9.3
2025-09-21	10.4
2025-09-22	7
2025-09-23	7.2
2025-09-24	6.3
2025-09-25	9.1
2025-09-26	12.5
2025-09-27	14.8
2025-09-28	10.7
2025-09-29	10.1
2025-09-30	11.6
2025-10-01	22.6
2025-10-02	24.9
2025-10-03	22.3
2025-10-04	20.9
2025-10-05	18.3
2025-10-06	17.6
2025-10-07	16.9
2025-10-08	19.6
2025-10-09	18.4
2025-10-10	20.1
2025-10-11	21.1
2025-10-12	17
2025-10-13	13.7
2025-10-14	12.7
2025-10-15	17.2
2025-10-16	19.7
2025-10-17	16.1
2025-10-18	16.2
2025-10-19	17.7
2025-10-20	15.8
2025-10-21	13.2
2025-10-22	11.1
2025-10-23	12.9
2025-10-24	13
2025-10-25	19.2
2025-10-26	14.2
2025-10-27	17.4
2025-10-28	16.2
2025-10-29	12.7
2025-10-30	18.8
2025-10-31	18.8
2025-11-01	18.5
2025-11-02	21.8
2025-11-03	18.4
2025-11-04	19.9
2025-11-05	15.9
2025-11-06	14
2025-11-07	24.7
2025-11-08	21.3
2025-11-09	20.5
2025-11-10	19.7
2025-11-11	23.1
2025-11-12	25.1
2025-11-13	20.9
2025-11-14	22.8
2025-11-15	20.7
2025-11-16	17.6
2025-11-17	16.3
2025-11-18	15.8
2025-11-19	17.8
2025-11-20	16.6
2025-11-21	18.6
2025-11-22	20.2
2025-11-23	14.7
2025-11-24	13
2025-11-25	18.8
2025-11-26	22.9
2025-11-27	18.9
2025-11-28	20.4
2025-11-29	19.7
2025-11-30	26.4
2025-12-01	27.3
2025-12-02	29
2025-12-03	25.2
2025-12-04	26.3
2025-12-05	22.9
2025-12-06	22.4
2025-12-07	18.8
2025-12-08	20.7
2025-12-09	22.1
2025-12-10	23.9
2025-12-11	20.7
2025-12-12	22.3
2025-12-13	24.9
2025-12-14	24.5
2025-12-15	31
2025-12-16	26.8
2025-12-17	24.3
2025-12-18	32.2
2025-12-19	28.4
2025-12-20	30.4
2025-12-21	27.2
2025-12-22	28.6
2025-12-23	31.5
2025-12-24	32.5
2025-12-25	30.4
2025-12-26	27.2
2025-12-27	28.4
2025-12-28	24.8
2025-12-29	22.5
2025-12-30	23.1
2025-12-31	22.6
